Akshay Sabale
Assingment 12



mysql> use akshay;
Database changed

1.
mysql> select * from customers where rating>=any(select rating from customers where snum in(select snum from salespeople where sname='serres'));
+------+----------+----------+--------+------+
| Cnum | Cname    | City     | Rating | Snum |
+------+----------+----------+--------+------+
| 2002 | Giovanni | Rome     |    200 | 1003 |
| 2003 | Liu      | San Jose |    200 | 1002 |
| 2004 | Grass    | Berlin   |    300 | 1002 |
| 2008 | Cisneros | San Jose |    300 | 1007 |
+------+----------+----------+--------+------+
4 rows in set (0.27 sec)

-----------------------------------------------------------------------------------------------------------------------------------------------

2.mysql> select snum from salespeople where (snum,city)not in (select snum,city from customers);
+------+
| snum |
+------+
| 1004 |
| 1007 |
| 1003 |
+------+
3 rows in set (0.00 sec)
--------------------------------------------------------------------------------------------------------------------------------------------------

3.mysql> SELECT * FROM orders WHERE amt> ANY( SELECT amt FROM orders WHERE cnum IN ( SELECT cnum FROM customers WHERE city='london' ) );
+------+---------+------------+------+------+
| Onum | Amt     | Odate      | Cnum | Snum |
+------+---------+------------+------+------+
| 3002 | 1900.10 | 1990-10-03 | 2007 | 1004 |
| 3005 | 5160.45 | 1990-10-03 | 2003 | 1002 |
| 3006 | 1098.16 | 1990-10-03 | 2008 | 1007 |
| 3009 | 1713.23 | 1990-10-04 | 2002 | 1003 |
| 3008 | 4723.00 | 1990-10-05 | 2006 | 1001 |
| 3010 | 1309.95 | 1990-10-06 | 2004 | 1002 |
| 3011 | 9891.88 | 1990-10-06 | 2006 | 1001 |
+------+---------+------------+------+------+
7 rows in set (0.08 sec)

-----------------------------------------------------------------------------------------------------------------------------------------------------
   
4.mysql> select max(amt)from orders where cnum in(select cnum from customers where city='London');
+----------+
| max(amt) |
+----------+
|  9891.88 |
+----------+
1 row in set (0.00 sec)

mysql> select min(amt)from orders where cnum in(select cnum from customers where city='London');
+----------+
| min(amt) |
+----------+
|   767.19 |
+----------+
1 row in set (0.00 sec)

mysql>